id,kategori,soru,reference_cevap,model_cevabi
0,uroloji,Hocam ilişkiden 5 yıl sonra test yaptım negatif 3 yıldırda bi kız arkadaşım var onunla defalarca korunmasız sürtünmeli ilişki yaşadım bu ilişkilerden sonrada test yaptım son iliskiden 5 6 ay sonrada test yaptım negatif kendisi kızılaya kan verdi 4 gün oldu ama hala kanın ihtiyacı sahibi olanlara iletildiği yazmadı acaba bi problemmi var çok korkuyorum araştırmaktan kafayı yiyecem bisey olsa çıkmazıydi lütfen yardm edin,Kızılay ile görüşün,Bir sorun olmaz.
1,uroloji,sayın hocam ben doguştan beri damla damla idrar kaçırıyorum. yapılan narkozlu sistoskopide sag böbregimde çift üreter oldugu ve birinin olması gereken yerinde digerinin ise mesane çıkışına çok yakın bir yerde oldugu büyük olasıkla bu yüzden damla damla kaçırdıgım sonucuna varıldı ameliyatın başarısının ne derecede başarılı olacagı bilinemedigi için oparasyon yapılmamasına karar verildi böyle bir operasyonun başarısı ne derecede başarılı olabilir düşüncelerini alabilirmiyim teşekkürler,"sorununuz sanırım ""ektopik üreter"". Filmlerinizi görmeden birşey söylemek zor. Bu tür cerrahiler oldukça özellikli rekonstrüktif cerrahilerdir. Bununla birlikte iyi ve tecrübeli ellerde başarı oranı yüksektir. İyi bir üniversite hastanesi üroloji kliniğine başvurmanızı öneririm. geçmiş olsun...",Bu soruya cevap vermek için sizi muayene etmem gerekir.
2,uroloji,"Hocam Merhaba, Aşağıdaki Üriner Sistem USG tetkikine göre incelme durumunda çok ciddi durum varmıdır,Ameliyatmı gerklidir,yoksa ilaç tedavisi mi? Aydınlatırsanız çok sevinirim.çok teşekkürler hocam. Sol böbrek boyutu 102x37 mm.,parankim kalınlığı 8 mm.'dir. Sağ böbrek boyutu 110x36 mm.,parankim kalınlığı 8 mm.'dir.Her iki böbrek normal boyut ve konfigürasyondadır.Bilateral böbrek parankim kalınlıklarında incelme olup ekojeniteleri tabii olarak izlenmiştir.Pelvikalikseal dilatasyon saptanmadı. Mesane şekli,boyutları ve duvar kalınlığı normaldir.Lümen içi patolojik oluşum saptanmamıştır Batın içi serbest sıvı saptanmadı. Sonuç :Bilateral böbrek parankim kalınlığında incelme",Bence ultrasonu tekrar yaptırmanızda ya da bilgisayarlı tomografi gibi ileri bir tetkikle tekrar değerlendirilmenizde fayda var. Böbrekte genişleme olmadan parankim kalınlığında incelme genellikle beklenmez.,"Merhaba, Öncelikle geçmiş olsun. Bu raporda öncelikle klinik bulgular ile uyumlu görülmüş. Ameliyattan başka bir tedavi yöntemi yoktur. İlac tedavisinde de fayda göremeyen hastalar için ameliyat önerilir. Geçmiş olsun."
3,fiziksel-tip-ve-rehabilitasyon,"Değerli Uzman, Yukarda belirtilen ilaç diz eklemlerinde sıvı kaybı olan, kıkırdakları aşınmış (Çeşitli defalar fizik tedavi gördü) ve bunun için ağrı kesici ilaçlar kullanan validemiz için bir fayda sağlar mı?Yaşı 72 kalp, tansiyon ve böbrek taşı rahatsızlıkları var.Vereceğiniz yanıt için şimdiden teşekkürler!!","Bu konu ihtilaflı. Her iki yönde de araştırmalar var. Ameliyat boyutuna gelmiş ise pek fayda sağlamaz. Daha erken dönemde, fayda göstermesi umulur.",Bence mutlaka kullanmamalıdır.
4,uroloji,Ileride prostat ile ilgili sorun yasamamak icin ne yapmali ne yapmamaliyiz. Protat buyumem var diye tahmin ediyorum artmamasi icin tavsiyeleriniz nelerdir?,Prostat büyümesi 40 yaşından sonra başlar. Önlemek için hiçbir şey yapamazsınız,"Prostat büyümesi normal yaşta görülür. Ancak 60 yaşından sonra artış daha hızlanır. Bu duruma ""prostatit"" denir. Prostat büyümesindeki etkileri tedavi edilmezse, hastalığa yol açabilir."
5,uroloji,makattan buyuk abdes sonrası hafif yanma sonucunda kan geliyor az miktarda,"Bekir Bey Merhaba. Öncelikle geçmiş olsun. Makattan kan gelmesi idrar yollarından ziyade bağırsak sistemini ilgilendiren bir sorun. Basur, makatta çatlak gibi iyi huylu hastalıklardan kaynaklananileceği gibi kalın bağırsak kanseri gibi kötü huylu hastalıklar nedeniyle de ortaya çıkabilir. Benim tavsiyem vakit kaybetmeden bir Genel Cerrahi Uzmanı'na muayene olmanız. İyi çalışmalar.",Bu şikayetlerin çok çeşitli nedenleri olabilir. Bir muayene için randevu alınız.
6,genel-cerrahi,Hocam sağ kasığımda neden açılmalar oluyor ameliyat olmuştum sağ kasıktan fıtık ameliyAtı bir turlu bi anlam veremiyorum surekli soru işareti içersindeyim ??????,Sağ kasık fıtığın en sık görüldüğü yerdir. Karın içi basıncını artıran hareketler henüz iyileşmemiş fıtığın tekrarlamasına sebep olabilir. İyileşme süresi sonunda artık bir problem kalmaması gerek.,Bir kuru iğne ile tedavi edilmesi gerekir.
7,beyin-ve-sinir-cerrahisi,Annemin 4 yıl önce belinde 3 fıtık vardı alındı ve bel kayması vardı düzeltildi ve altı vidalı platin takıldı. Ama son 15 gündür sağ ayağında ağrı ve his kaybı başladı tekrar eski doktorumuza gittik çekilen emar sonucu platinin en üst bölümünde yeni bir fıtık oluştuğnu ve patladığnı ameliyat olmanın çok riskli olacağını ayağındaki his kaybının düzelmeyeceğini söyledi bu konuda bize yardımcı olursanınz çok sevinirim. annem şu an 49 yaşında.,"Tedavisine karar vermek için annenizi görmemde yarar var. Hafta içi 10-18 saatleri arasında Beşiktaş Fulya’daki muayenehanemde (Hakkı Yeten cad 13 Fulya Terrace Kat 3/M4 Fulya - Şişli) hasta bakıyorum. Eğer gelemiyorsanız MR’ınızı bana kargoyla yollayın ya da biriyle gönderin, sonra ayrıntıları görüşelim. Dr Aybars AKKOR *** *** **/ *** *** ** / *** *** ** www.aybarsakkor.com","Merhaba, öncelikle geçmiş olsun. Bu durumda ameliyata karar vermek için muayene edilmesi gerekmektedir. Saygılarımla"
8,uroloji,"İyi günler hocam; henüz 18 yaşındayım penisimin üst kısmında kırışmalar mevcut, ekstradan sertleşme sorunum var bunu kendi çabalarımla nasıl düzeltebilirim ? Birde ilişkilerimde ve mastürbasyonlarımda sperm çıkışını sert bir şekilde kapatıyorum, bunun zararı nedir ?",Mastürbasyonu azaltın ve meni çıkışını engellemeyin,Bir üroloji uzmanına muayene olmanızı öneririm.
9,beyin-ve-sinir-cerrahisi,hocam yeni boyun mr ım çekildi sonucu söylermisiniz. servikal vertebralarda belirgin dejeneratif değişiklikler mevcuttur. servikal aks ters dönmüştür. C2-3 annulus bulging+spinal kanalda anteriordan daralmatekal saka minimal bası C4-5 sağ paramedianda ekstrüde olmuş geniş tabanlı posterior HNPspinal kanalda anteriordan ve sağ paramediandan daralma+spinal korda bası+sağda nöral foramende daralma C5-6 geniş tabanlı posterior hnp+spinal kanalda anteriordan daralma+spinal korda belirgin bası tş,"Neşe hanım raporlarda C4-5 ve C5-6 seviyelerinde büyükçe bir fıtıktan bahsediliyor, MR larınızı görmek gerek, herhangi bir şikayetiniz varmı?? Filmlerinizlen birlikte bu taraflara yolunuz düşerse gelin ekibimizlen sizi değerlendirelim. saygılar...","Merhaba, MR raporunda önemli olan şey; ""Spinal kanal daralması"" ve ""Nöral foramenler daralmıştır."" Bu durumda ameliyat olmanız gerekiyor. Ameliyat sonrası ağrılar geçer, daha iyi bir yaşamınız için de gerekir."
10,uroloji,Hocam cevaplar nerden bkcaźzzzzźzzzzxxxxmmdmdmdmmdmmdmdmdkdkdkkdkdkdkdkdkkssmdmmdmdmdmdmdmdmdkkdkdkdkddskwooqorjfjs,???,"Merhaba, 1-2 hafta sonra tekrar randevu alabilirsiniz."
11,kulak-burun-bogaz-hastaliklari,kronik mastoid enfeksiyon sersemlik hali ve kulak cinlamasi yapar mi? ameliyat gerektirir mi? noroloji uzmani damar basisi var dedi beyin cerrahiye yonlendirdi beyin cerrahiye gittim ve hekim bey damar basisi olmadigini enfeksiyon olabilecegini soyleyip kbb ye yonlendirdi.,kbb muayenesi olmalısınız.,Kronik mastoid enfeksiyonunuz için muayene edilmeniz gerekiyor. Muayeneniz sonrasında tedavi planlanır.
12,uroloji,Merhaba Hocam. 39 yaşında bir bayanım. Sol tarafımda 3 haftadır zaman zaman ve farklı alanlarda devam eden olan ağrı nedeni ile doktora gittim. Ultrason sonucu Sağ böbrek uzunluğu 113 mm. sol böbrek uzunluğu 140 mm. Her ikki böbrek normal parankimal kalınlıktadır. Parankim ekojenitesi homojen olarak izlenmektedir. Sağ pelvikalisiyel dilatasyon izlenmedi. Sol böbrek pelvikalisiyel yapıları grade 1 dilatedir. Börek fonksiyonlarına ilişkin Kan tahlillerim normal. İdrarda yanma vb sıkıntım yok. 2 ay önce idrar tahlili yapılmıştı bir sorun o zaman için yoktu. Böbrek taşı ile ilgili midir? Doktorum ürolojiye gidebilirsin dedi. Ama ben hemen gidemeeeceğim. Sıkıntı olur mu?,Muhtemelen küçük bir taş düşürüyorsunuz. Bol su için. Geçmezse bir üroloji uzmanına muayene olmanız gerekir.,Böbrek taşı ile ilgili değil. Bir üroloji uzmanına başvurmanızda fayda var.
13,beyin-ve-sinir-cerrahisi,HOCAM MERHABALAR 26 YAŞINDAYIM YAKLAŞIK 2 HAFTA ÖNCE BELİMDE VE BACAĞIMDAKİ AĞRIYLA BEYİN CERRAHİSİ UZMANINA BAŞVURDUM.DAHA ÖNCE AĞIR BİR BEL AĞRISI PROBLEMİM OLMADIĞI HALDE BANA BEL FITIĞIM OLDUĞUNU VE KESİN AMELİYAT OLMAM GEREKTİĞİNİ BAŞKA BİR TEDAVİYLE İYİLEŞMİYCEĞİNİ SÖYLEDİ.YAŞIM GENÇ OLDUĞU İÇİN ACELE BİR KARAR VERİP AMELİYAT OLMAK İSTEMİYORUM.BU KONU HAKKINDA FİKRİNİZİ MERAK EDİYORUM.TEŞEKKÜRLER...,"Karar vermek için sizi ve MR&#39;ınızı görmemde yarar var. Salı ve Perşembe 10-18 arası Nişantaşı&#8217;nda muayenehanemde (Teşvikiye cad.17/Kat1 İkbal İş Merkezi-Teşvikiye Camii karşısı - Nişantaşı) hasta bakıyorum. Eğer gelemiyorsanız ilk fırsatta yeni bir bel MR&#39;ı çektirin, sonuçları bana yollayın veya bizzat getirin, sonra ayrıntıları görüşelim. Dr Aybars AKKOR *** *** ** / *** *** ** Faks:*** *** **","Merhaba, size ameliyat olmanız gerekiyor. Ameliyattan sonra da şikayetleriniz geçmezse tekrar muayene olunuz."
14,dahiliye-ve-ic-hastaliklari,"Merhaba doktor bey ben midemde yanma,ekşime ve gaz sorunu vardı bunun için doktora gittim bana en doğru tedaviyi uygulamak için endoskopi yaptırmamı söyledi bende bir hafta önce endoskopi yaptırdım ve bende endoskopi sonucunda reflü,gastrit ve mide fıtıği çıktı doktor bana Helipak ve Antepsin adlı ilaçları yazdı. Ben de bunları kallanıyorum. Size sorum bu ilaçlarla tedavi kesin olumlu sonuç verırmi ilaç dışında bana yapmam gerektiğine dair önerileriniz nelerdir Kilom 90 yaşım 42 selamlar teşekkr",zayıflamayı öneririm tedavi güzel ilaç dışında stress ve üzüntüden uzak durmaya çalışır.,Endoskopik tetkiklerle birlikte ilaç tedavisi ile tedavi edilebilir. Endoskopik tetkiki yapan hekimle görüşmeniz uygun olacaktır.
15,beyin-ve-sinir-cerrahisi,iyi akşamlar hocam benim annem bundan iki aksam önce kaza geçirdiler başını bir yere vurmuş acilde filimi tomografi si cekildi doktor bişey yok dedi ama basının üstünde alında şişlik var birde baş agrısı arttı ne yapmalıyız ilaç olarak parol verdi şişlik kendisi geçecek miş,"Annenize bir kranial MR çektirtin, eğer bir şey çıkmazsa rahatlarsınız.",Bir kardiyologa başvurun.
16,fiziksel-tip-ve-rehabilitasyon,Hocam Merhabalar 2 tane MR sonucum var ve sonuclari sunlar; Siz degerli hocamdan tavsiyelerinizi rica edecegim ne yapmam gerektigi konusunda DIZ MR SONUCU -Sol Diz ekleminde minimal artikuler koleksiyon -ACL parsiyel Yirtik -Medial Meniskus posteriou hornunda grade II dejenerasyon. BEL MR SONUCU Lomber lordoz konfogirasyonu hafif artmi izlenmektedir.Lomber vertebra korpus yukseklikleri korunmus olmakla beraber end plate&#39;lerde kucuk schmorl nodulleri mevcuttur. L5 vertebrasi sakralizerdir ve L5-S inververbal eklem mesafesi daralmistir Ayrica T12-L1 intervertebra eklem mesafeside daralmis izlenmektedir. Diger lomber intervertebra eklem mesafeleri korunmustur. T12-L1 intervertebral diski dural keseye basi yapan bulging gostermektedir. Diger lomber intervertebral disklerin arka konturlarinda spinal kanal yonunde anlamli bir tasma saptanmamistir.Spinal kord T12-L1 seviyesinde konus medullaris olarak devam etmekted olup morfoloji ve sinyal intensite dagilimi tabi izlenmistir. Kauda equir kok,"Sol dizde bir darbe veya incinme, buna bağlı iltihabi bir durum var gibi. Ön çapraz bağda da zedelenme var. Belinizde doğumsal bir yapı anomalisi mevcut ve biraz duruş bozukluğundan sözedilebilir. MR bir tanı konmasında %15 kadar pay sahibidir. Ancak tam bir tanı için ayrıntılı ve kapsamlı bir muayene gerekli. Tedavi gerektirip gerektirmediğini bu muayene ve konacak klinik tanılar belirleyecektir. Bu açıdan bir fizik tedavi uzmanına başvurun lütfen.","Merhaba, Öncelikle geçmiş olsun. MR raporlarında önemli olan şey, muayene bulgularınız ile uyumlu olmayan bulgular. Bu durumda, muayenenizden sonra tekrar MR çektirmeniz gerekebilir. Eğer muayene bulgularınız da normal ise, şikayetleriniz için başka bir tetkik yapılabilir. Sağlıklı günler dileklerimle..."
17,uroloji,"Hocam mrb. Eşimle birlikte 2 aydır çocuk düşünüyoruz bu bağlam da eşim hormon testi yaptırdı bir sorun çıkmadı bende spermiogram testi yaptırdım, doktorumuza gösterdim herhangi bir sorun yok, tedaviye gerek yok normal yolla çocuğunuz olur dedi ama sonuç sınırda gibi sizde değerlendirebilir misiniz 3 gün, Az yapışkan, volüm:2,8 cc, gri opalasan Motilite: Hızlı ileri:%12 ileri yavaş:%21 yerinde hareketli:%17 Hareketsiz:%50 1 cc: *** *** ** total sperma: *** *** ** Vitalite:%50 H.O.S.:%59 Morfoloji: WHO: normal: %48 anormal:%52 Kruger Strict: normal:%12 anormal:%88",hızlı ileri nin %32 ve üstünde olması beklenir. Uygun perhizle 2. spermiogram yaptırmanızı öneririm. Ancak infertilite (kısırlık) taraması için 2 ay az bir süre. 1 yıl bekleyip normal gebelik görülmez ise o zaman da araştırılabilir. Geçmiş olsun,Bence bir çocuk sahibi olabilirsiniz.
18,ortopedi-ve-travmatoloji,"Merhaba hocam, 1 gün önce demirlerin üzerinden atlayarak ayağım demirlere takıldı , ve yere düştüm. aradan 2 - 3 saat geçtikten sonra diz kapağımn yanına fındık büyüklüğünde bir şişlik oluştu , bacağımı ileri geri teprettiğimde kıkırdak gibi bişey sanki açılıp kapanıyo , bişeye çarpıyor sanki , lütfen bilgi verirseniz sevinirim.. İyi günler...",Muayene olmanız gerekir. Çarpmaya bağlı bir zedelenme veya kıkırdakta bir kopma olabilir.,Bir doktor tarafından muayene olmanızı öneririm.
19,uroloji,merhaba doktor bey ben 4 yıllık evkıyım benım eşimin sperm kalıtesı dusuk hareketlı spermı yok yavaş-dogrusal hareketlı sperm sayısı var ölü spermıde yok dopler cekıldı varıkosel herhangı bır sorunumuzda yok l-argınıne ve -evon dıye ılac vardı doktor sızce tedavı dogrumusur pisikolojım çok bozuk yardım edın,Bu tür ilaçlar sperm kalitesini arttırmak için üroloji camiasında yaygın olarak kullanılmakta. Herhangi bir ciddi yan etkisi olmadığı için kullanmanız önerilebilir.,Eşinizin sperm değerleri normaldir. Ancak bu değerler için bir sperm analizini yaptırmadan yorum yapmak yanlış olur. Sperm analizi sonucunu bana getirin.
20,fiziksel-tip-ve-rehabilitasyon,Sayın hocam iyi günler saygılar ve sevgiler acaba hocam LOMBER MRG sonucunu yorumlarmısınız LOMBER MRG İNCELEMESİ:lomber lordoz düzleşmiştir.Açıklıgı sola bakan skolyoz izlenmektedir.Lomber aksta minimal saga rotasyon izlenmektedir.(pozisyonel?rotoskolyoz?) L4vertebra korpusunbda 1cm altında hemanjiom ile uyumlu sinyal intensite degişikligi izlenmektedir. T12 vertebra korpusunda yaklaşık 10x12 mm çapında hemanjiom ile uyumlu sinyal intensite degişikligi izlenmektedir.lomber vertebra korpus end platolarında dejeneratif degişiklikler izlenmektedir. L4-L5 disk düzyeinde santral -sağ paratansal geniş tabanlı protrüzyon izlenmektedir.Nöral foramenler açıktır.Ön epidural mesafe daralmıştır.bilateral lateral reses düzeyi 15 siniri etrafı yağlı dokular açık görünümdedir.L5-S1 disk düzeyinde santral-sol paratansal geniş tabanlı protrüzyon izlenmektedir.Nöral foramenler açıktır.Ön epidural mesafe daralmıştır.Lateral reses düzyeleri açıktır. BELİMDE HANGİ HASTALIK VAR ACABA NEDİR?,belinizde 2 seviyede bel fıtığınız mevcut bir tane çok önemi olmayan kan damarı yumağınız ve omurga eğriliğiniz var . geçmiş olsun,Lomber bölgede fıtık var. Ama şikayetiniz yok mu?
21,beyin-ve-sinir-cerrahisi,"Merhaba Boyun mr sonucunda ; * servikal lordozda duzlesme, *C2-3,C3-4,C4-5 duzeylerinde intervertebral disklerde sinyal intensitelerinde T2 agirlikli incelemelerde dejenerasyon sekonder azalma *C 3-4 duzeyinde intervertebral diskte subaraknoid mesafeyi onden daraltan santral sol paramedian protruzyon. Seklinde cikmistir. Mr sonucunu yorumlarsaniz cok sevinirim",Bir boyun fıtığınız olduğu rapor edilmiş. Görüntüler ile bir beyin cerrahına muayene olmanızda fayda var.,Merhabalar; MR raporuna göre boyun fıtığınız var. Fıtıkta kireçlenme mevcut. Bu durumda ameliyat olmanız gerekebilir. Ameliyattan sonra da fizik tedaviye başlanabilirsiniz. Geçmiş olsun.
22,genel-cerrahi,Merhaba dr bey benim yiğenim uzun zamandır ara ara tuvalet problemi çekiyor beslenmesine dikkat edildiği halde 5 6 aydır *** *** ** gün-de bir tuvalete çıkıyor aralarda 2 gün-de bir çıktığında oluyor çocuk 12 yaşında piskolojik olabilirmi ne yapmak lazım nasıl davranmak laz bir yol gosterebilirmisiniz,Öncelikle çocuk hastalıkları uzmanı muayenesi gerekir. Muayene sonucuna göre hekiminiz yönlendirme yapacaktır.,Bu durumda tedaviye başlamak gerekir. Bu konuda en iyi bilgi veren doktorunuzdan yardım almanız uygun olacaktır.
23,uroloji,Hocam bir önceki sorumda karakter yetmediği için soramadım peniste oluşan siğillerin cinsell yolla bulaşabileceğini söyledi doktorum benim nişanlımla sürtünme seklinde bir ilişkimizi oluyor onun vajen cevresinde bir et beni vardı bi ilişkiden sonra sürtünmeden dolayı koptu ve kanadı bu şekilde bana bulaşmış olabilirimi hocam?? şimdiden tesekkür ediyorum hocam,bu lezyonlar neredeyse tamamen cinsel ilişki ile geçer. nişanlınızın da tedavi olması gerekir.,Bulaşma ihtimali yüksek. Doktorunuzun önerilerine uymanızı tavsiye ederim.
24,beyin-ve-sinir-cerrahisi,kardeşim ikı defa hıpofiz ameliyatı geçirdi ikinci amelıyatta beyın suyu boşaldı doktoru müdahale ederek kapatı fakat ameliyatan sonra beyin hava almaya başladı doktoru dinlndikten sonra bunun geçeceğini söylüyor ama kardeşim artık ayağakalkamıyor kalktıği gıbı şidetlı baş ağrısı ve kusması başlıyor bunun için ne yapabılırız,eğer çok fazlaysa ufak bir mudahele ile boşaltılır,Beyindeki sorunun tedavisi için hastayı muayene etmem gerekir.
25,ortopedi-ve-travmatoloji,"bundan bir yıl önce kemik iliği biyopsisi yaptırmıştım,trombositlerimde düşme olduğu için.sonuç iyi .son bir aydır dizlerim ağrıyor.kalça ve belimde de ağrılar var hareket etmek de zorlanıyorum.diz ağrılarım oturup kalkarken oluyor,ayakta rahatım.siyatik olabilirmi? .yaptırdığım biyopsiden dolayı enfeksiyon oluşmuş olabilirmi merak ettim.doktora gideceğim bu hafta .ön bilgi almak istedim teşekkür ederim.",sayın tanrıseven şikayetlerinizin önceki problemlerden kaynaklandığınız zannetmiyorum ama bundan emin olabilmek için muayene olmanız ve gerekirse tetkiklerinizi yaptırmanız gerekmektedir. sonucuna göre hekiminiz size gereken tedavi ve takiplerinizi düzenleyecektir geçmiş olsun dilekjlerimle,Bir fizik tedavi uzmanına muayene olmanızda fayda var.
26,beyin-ve-sinir-cerrahisi,"Merhabalar, kafamın arka kısmında enseden yukarı dogru çıkınca sol tarafda bir şişlik mevcut . Üstüne bastırınca hafifden acıyor. Bir yere ve bir darbe sonucu olmadı neden şişmiş bilemiyorum.iki gün önce gördüm ve henüz geçmedi. Kötü bir şey olabilirmi ve bu şişlik bir hafta içinde geçmezse hangi bölüm doktoruna gidebilirim ? Cevap verirseniz sevinim","Bu şişliği ihmal etmemenizde yarar var.Tedavinize karar vermek için sizi görmemde yarar var. Pazartesi, Çarşamba 10-18, cuma 13-18 saatleri arasında Beşiktaş Fulya?daki muayenehanemde (Hakkı Yeten cad 13 Fulya Terrace Kat M3 Fulya - Şişli) hasta bakıyorum. İlk fırsatta bekliyorum. Dr Aybars AKKOR *** *** **/ *** *** ** / *** *** **",Beyin cerrahisi bölümüne başvurun.
27,beyin-ve-sinir-cerrahisi,Merhaba doktor bey.bir kaç gündür sabahtan itibaren şidddetli baş ağrışı yaşamaktayım özellikle başımın sağ tarafında ensemin üst kısımlarında daha fazla oluyor ve hareket ettikçe ağrılar zonklama şeklini alıyor.bu yaşadığım baş ağrılarının sebepleri neler olabilir ve kaç gün içerisinde geçmezse doktora başvurmalıyım,İlk fırsatta bir nöroloji uzmanına başvurun.,Beyin MR çektirmeniz gerekir.
28,uroloji,"Merhabalar doktor bey. 14 yaşındayım. 1 Yıl önce sol testisimde darbe sonrası kitle çıkmıstı ancak dogru düzgün doktora gidilmedi. Darbeden sonra kılcam damarlar çıktı 2-3 tane hala var. Şimdi yeni bi tane var 2 aydır sanırım yani sol testiste 2 tane kitle var. Sol testisin ortasından 3 mm üzerinden itibaren yukarı doğru şiş gibi. Ailede kanser hastası olan yok, inmemiş testis ameliyatı geçirmedim. Sizce bunların çıkması hep darbeden dolayı mı? Sağ testisim böyle değil. İlçede kalmamızdan dolayı sağlık ocağından kan verip o sonuçları baktırmayı düşünüyorum hocam. Şu an doktora gidemediğimiz için. Testis kanseri için bakılan yani bakılması gereken değerlerin adı nedir. Çok teşekkürler.",Varikosel olabilir. Kan testinden önce Skrotal Doppler Ultrasonografi yaptırın.,Bence bir üroloji uzmanına başvurunuz.
29,beyin-ve-sinir-cerrahisi,"Ayhan Bey merhabalar,boyun fıtığı ameliyatından ne kadar süre sonra fiziksel mücadele gerektiren sporlar (futbol,basketbol vs) yapılabilir? Onlar haricinde önerebileceğiniz bir spor aktivitesi var mı?",ameliyattan bira ay sonra herşey serbest yüzme en çok önerdiğimiz spor,"Merhaba, 1 hafta sonra spor yapabilirsiniz."
30,kardiyoloji,merhaba hocam ben 23 yaşındayım 21 yaşında kalp romatizması olduğumu öğrendim. ve yaklaşık 2 yıldır ayda bir kere depo penisilin yaptırıyorum. doktorum mitral kapak yetmezliği var dedi. bende olan mitral yetmezliği hafif düzeydeymiş. 5 yıl bu iğneyi yaptırmak zorundaymışım. peki benim bu hastalığımın iyileşme oranı nedir? tamamen bu hasta hastalıktan 5 yıl sonra kurtulabilir miyim?,"Kalp romatizması hakkında ""www.kalpveyasam.com"" adresindeki kişisel sitemde ayrıntılı bilgi var, sorularınızın yanıtı burada mevcuttur. Geçmiş olsun, Prof. Dr. Ali Serdar Fak, www.vivasaglik.com","Merhaba, öncelikle geçmiş olsun. Mitral yetmezliklerin %70'ından fazlası tedavi edilebilir. Ancak tedavilerin çoğu 6-8 haftalık tedavi süresinde yapılmalıdır. Bu süre içinde de tedavinizin etkisi olur. Tedaviden sonra da tedaviye devam edilmeli. Eğer tedaviyi tamamladıkça, tedavideki etkileri kaybederseniz, tekrar tedaviye başlanmanız gerekecektir. Tedaviden sonra da tedaviden sonra da tedaviden sonra da tedaviden sonra da tedaviden sonra da tedaviden sonra da tedaviden sonra da tedaviden sonra da tedaviden sonra da tedaviden sonra da tedaviden sonra da tedav"
31,uroloji,"değerli hocam yaşım 35, bundan 10 yıl önce yani 25 yaşındaydım top oynarken kalecilik yaptım ve kendimi toprak zemine 4 - 5 defa göğsümün üzerine sert bir şekilde attım ve içimden sanki sıvıların yer değiştirdiğini hissettim ama herhangi bir ağrı olmadı ve o gece ereksiyon problemim başladı o geceden önce penisim günde kendi kendine sabahları dahil 4-5 defa mükemmel derecede sertleşiyordu ama kendimi yere attıktan sonra ereksiyon problemim oldu aradan geçen 10 yılda hiçbir sertleşme olmadı sadece hap aldığım taktirde penis sapım sertleşiyor ama penis başım çok yumuşak sertleşmiyor çeşitli doktorlara gittim iğne vurularak penil dopler yapıldı dr. bişey yok dedi normal dedi ne yapmamı öneriyorsunuz penis başım hap aldığım zaman bile hala çok yumuşak sigara ve alkol kullanmıyorum",merhaba penil dopler yapılmış ve ereksiyon tam olmuşsa operasyonluk bir durum yok demektir. ilaç alınca anladığıma göre tam sertleşem olmuyor ama ilşki için yeterli sertlik oluyor. yapılacak tedavi seçeneği ilaçlara devam ettmek gibi görünüyor geçmiş olsun,Bir üroloji uzmanına muayene olmanızı öneririm.
32,ortopedi-ve-travmatoloji,Hocam iyi günler diliyorum. Yaşım 28 kilom 65 sağ dizimde 5 senedir süren ağrı vardı 2 sene önce doktora göründüm ve kıkırdık eksilmesi ve ödem demişti bugün tekrar doktora göründüm ve ödem var kıkırdak eksilmesi pek fazla yok yürüyüş yap kasların çok zayıf dedi hafif koşu iyi olur ağrıyor diye bırakma diye uyarıda bulundu bu doğrultudamı ilerleyeceğim başka önereceğiniz bir şey varmı yürüyüş gerçekten iyi olurmu.,Muayene etmeden kesin birsey söyleyemem ama diz cevresi kaslarını guclendirici egzersizler yapmanız yararlı olur.,Diz eklemi için ilaç kullanmanız gerekir. Daha sonra muayene edip tedavi planlamak lazım.
33,beyin-ve-sinir-cerrahisi,"sayın hocam,babam 2002 yılında bir trafik kazası geçirdi ve bel kemiği kırıldı.kazadan 6 ay sonra farkedildi ve ameliyat edildi.ameliyatta bel kemiğine platin takıldı fakat vücut platini kabul etmedi dendi,çünkü ameliyat yerinde apselenme ve kızarıklık oluştu.iltikap dışarı akmaya başlayınca platinler çıkartıldı.uzun süre antibiyotik tedavisi gördü.kemikte verem oluştuğu söylendi.tekrar platin tutmayacağı gerekçesiyle bir daha ameliyat edilmedi.bunun tedavisi mümkünmüdür?nasıl bir tedavi gerekir",Karar vermek için babanızı ve MR&#39ını görmemde yarar var. Pazartesi ve Perşembe 10-18 arası Nişantaşı&#8217;nda muayenehanemde (Teşvikiye cad.103/Kat1 Nişantaşı) hasta bakıyorum. İlk fırsatta bekliyorum. Dr Aybars AKKOR 0-212- *** *** ** *** *** **,Beyin cerrahisinden bir doktor ile görüşmeniz uygun olur.
34,uroloji,"Hocam ben 25 yaşındayım, bekarım, 4 yıl önce bilateral varikosel ameliyatı oldum. Ameiyat öncesi spermde morfolajisi %3 iken ameliyattan 6 ay sonra %47,5 e yükseldi. Geçen hafta kontrole gittiğimde ise dopper sonucunda: solda en geniş ven çapı 4ml, sağda 2ml olarak ölçülmüş olup solda reflü mevcuttur. Doktor varikoselin tekrarladığını söyledi. - Spermiogram sonuçları ise: Hacim: 2CC, Görünüm: Normal, Viskosite Normal, Likefaksiyon Süresi: 30dk, Abstinans süresi 4 gün, - Morfoloji Normal: %5, Baş anomalisi: %78, Boyun anomalisi: %3, Kuyruk anomalisi: %19, - Yıkama öncesi Sperm konsantrasyonu: 65, prograsif motilite :%57, nonprografis motilite:%10, immotilite: %33, Aglütinasyon: Yok. - Yıkama Sonrası: Sperm konsantrasyonu: 37, prograsif motilite :%90, nonprografis motilite:%0, immotilite: %10, TPMSS: 67 - Sonuçlarımın nasıl olduğu ve tekrar ameliyatın gerekli olup olmadığı konusunda tavsiyeleriniz için şimdiden teşekkür ederim.",Merhaba. Spermiyogram tetkikiniz normal. Bundan dolayi ameliyat gereksiz,Merhabalar; Varikosele bağlı sperm kalp kapaklarında vasküler daralma ile ilgili bir durumdur. Bu nedenle ameliyat önerilir. Ancak bu ameliyatın riskleri de vardır. Ameliyat sonrası sperm kalp kapaklarında vasküler daralma ve sperm kalp kapaklarında vasküler daralma ile ilgili bir durumdur. Bu nedenle ameliyat önerilir. Ancak bu ameliyatın riskleri de vardır.
35,beyin-ve-sinir-cerrahisi,iyi günler doktor bey benim sorum şu 1 veya 2 sene kadar oldu sanırım doktora gittim bel fıtığı var dedi ozamandan bu tarafa bir daha gitmedim ve ağrılarım devam ediyor bilhassa yataktan kalktığım zaman ve ellerimde ve ayaklarımda uyuşma hissi var yürürken sanki ayaklarım yere basmıyor.ve çok korkuyorum felç olmuş gibi hissediyorum ve beni bu konuda bilgilendirireniz sevinirim.baş dönmesi hissi var ve ben bu durumdan çok korkuyorum beni bilgilendirireniz sevinirim çok teşekkür ediyorum sevgiler ve saygılar cevabınızı bekliyorum,geçmiş olsun mutlaka yeni bir mrg çekip muayene ile birlikte değerlendirmek gerekir,Bir fizik tedavi uzmanına muayene olmanızda fayda var.
36,beyin-ve-sinir-cerrahisi,"iyi günler hocam. Benim sorum annemle ilgili olacak. Annem şeker hastası,115 kilo ve koroner kalp damarında da daralma var. .Çekilen MRlarında Bel ve boynunda beşer tane fıtık ve omurgada daralma tespit edildi. Kol ve bacaklaırnda güçsüzlük, gece uyandıran ağrı ve uyuşmaları var. Ayrıca idrar kaçırma gibi şikayetleri de oluyor. Bu durumda ameliyat öneriyorlar. Benim sorum ameliyat olmadan bu ağrı ve uyuşmalar enjeksiyon vb. yöntemlerle giderilmesi mümkün müdür? faydası olur mu? tavsiye edermisiniz? yardımcı olursanız çok sevinirim. İyi çalışmalar.","Annenize antaljik trak ve kyroprakti tedavisi uygulayabiliriz. Fakat önemli olan muayene bulguları. Tedavisine karar vermek için annenizi görmemde yarar var. Pazartesi, Çarşamba, Cuma 10-18 saatleri arasında Beşiktaş Fulya’daki muayenehanemde (Hakkı Yeten cad 13 Fulya Terrace Kat M3 Fulya - Şişli) hasta bakıyorum. İlk fırsatta bekliyorum. Dr Aybars AKKOR *** *** **/ *** *** ** / *** *** ** www.aybarsakkor.com","Merhaba, öncelikle geçmiş olsun. Öncelikle size ilaç tedavisi ile tedavi etmeye çalışacağız. Eğer rahatlamazsa ameliyat kararı verilecek. Saygılarımla"
37,beyin-ve-sinir-cerrahisi,"Bel ağrısı için gittiğim muayene sonucu tomografi çektirdim ..SONUÇ:L5-S1 diskinde vakum fenomeni,minimal bulging,aterior epidural yağlı planda daralma..olarak belirtilmiş..detaylı bilgi verirseniz sevinirim..teşekkürler..",MR raporunuza göre acil ameliyatlık bir durum yok. Öncelikle fizik tedavi görmenizde yarar var. Eğer rahatlamazsanız bana gelebilirsiniz. Dr Aybars AKKOR 0-212- *** *** **,"Merhaba, Lomber lordozda düzleşme mevcuttur. L4-5 düzeyinde diskte dejenerasyona bağlı sinyal kaybı mevcut olup, bu düzeyde spinal kord ve nöral foramenler açıktır. L5-S1 düzeyinde diskte dejenerasyon mevcut olup, bu düzeyde spinal kord ve nöral foramenler açıktır. Bu durumda ameliyat gerektirecek bir durum yoktur."
38,ortopedi-ve-travmatoloji,"merhaba hocam,ben malatya da tıp fakültesinde okuyorum samsunda ikamet ediyorum. malatya da 3 hafta önce ACL ameliyatı oldum Hermstring kasımdan tendon alınarak. Malatya daki hocam bana koltuk değneğini 3 hafta sonra bırakıp yürüyebirisin demişti fakat ben yine de vakti gelince kendisine ulaşmaya çalşıtım ulaşamadım. dizimde hafif şişlik var dikiş yaraları kapandı ve sürekli egzersizlerimi yapıyorum. koltuk değneği kullanmayı bırakmamda sakınca olur mu? 5 gün sonra köye gitmek istiyorum bayram: yani 26 gün sonrası için soruyorum. yardımcı olursanız çok sevinirim.","Normalde ameliyattan hemen sonra fizik tedavi başlanarak 3. hafta yük vermeye başlanabilir. Ancak yapılan ek işlemler (menisküs, kıkırdak vs.)'e ve cerrahın tercihine göre bu sürelerde değişiklikler olabilir.","Merhaba, öncelikle geçmiş olsun. Koltuk değneği ile ilgili bilgi veren doktorunuzdan daha iyi bilgi alabilirsiniz."
39,genel-cerrahi,İyi gunler makatta 1 haftadir surekli yanma var bazen hafifliyor genel cereha muhane oldum catlak ve basur var dedi makatta catlak devamli yanma yaparmi 3 tane krem verdi. 5 gun oldu biraz hafifledi ama kanamam yok gibi ara sira tuvalet kagitina bir kac damla geldi ama bende 5 gundur makattan belime dogru yanma devam ediyor tekrar muhane olmalimiyim tesekkurler,Çatlak varsa 5 günde tamamen düzelmesini beklemeyiz. Dolayısıyla yanmalarınız da devam eder. Ben 1 ay tedaviden sonra değerlendirme yapıyorum. Hekiminiz başka türlü öneride bulunmadıysa siz de tedavinizi bir aya tamamlayınız.,Makatta kanama olmaması için ilaç kullanmanızı öneririm.
40,uroloji,merhaba hocam benin sorunum çocuk sahibi olamamak ben yaklaşık 3 yıllık evliyim ama çocuk sahibi olamadım doktora gittim sperm sayısının çok düşük olduğunu ve hareketliliğin çok az olduğunu söyledi ve varikosel ameliyatı oldum çift taraflı bana evicap e vitamini hap verdi bunu 3 ay boyunca kulan mamı söyledi 3 ay sonunda sperm testi yaptırdım sayılarda artış olduğunu ve 3 ay daha kulanma mı önerdi bana allah rızası için yardım ederseniz sizin duacınız olurum şimdiden teşekkürler,Sperm sayılarınız ameliyat sonrası düzeldi ise bir süre daha beklemek uygun olabilir. Size önerilen tedavinin bir zararı olmamakla birlikte ne kadar faydalı olduğu tartışmalıdır. Kullanmanızda bir sakınca yoktur. Operasyon sonrası 1. yıldan sonra hala çocuk sahibi olamadı iseniz yardımcı üreme teknikleri (aşılama vb.) denenebilir.,Bir süre sonra tekrar test yaptırın.
41,uroloji,Merhaba Hocam testislerde çok ağrı oluyor ultrason çekildi sağda grade 2- 3 solda 3-4 varikosel ve bilateral testiküler mikrolitiyazis çıktı çok aşırı ağrım oluyor hocam sperm de çok az bazen gelmiyor ne yapmam gerekiyor tşkler,Spermiyogram yaptırıp bir üroloji uzmanı ile görüşün. Varikosel ameliyatı gerekebilir.,"Merhaba, Sizdeki durumunuz testislerinize zarar veriyorsa ameliyat gerekir. Ancak bu duruma göre ameliyat için muayene edilmeniz ve tetkiklerinizle değerlendirilmeniz gerekir. Geçmiş olsun."
42,kulak-burun-bogaz-hastaliklari,slmlar..dilimin dibinde et gibi bi şey hissediyodum..dr gittim dil bademciği dedi..bazı kişilerde olabilir dedi..lakin hafif b iboğaz enfeksyonunda boğazımda yumruk gibi hissediyorum..ve rahatsız etmekte.bunun tedavisi varmı.tşkler,Tabiiki var.Geçmiş olsun,Dilediğiniz zaman gelin bakalım.
43,ortopedi-ve-travmatoloji,"12 yıl önce beyin tümörü, 6 yıl öncede beyin sapı tümörü nedeniyle ameliyat oldum. Yürüyemiyorum. Son 2 senedir sol omuzum ileriye doğru geliyor. Düz oturduğum halde sanki yan oturmuş gibi görünüyorum. Neden kaynaklanıyor olabilir. Çaresi nedir.",Tamamen yaşadığınız beyin tümörü ile ilgili.,"Beyindeki tümörün büyümesi ile birlikte, kafaya takılan bir şey varsa, bu duruma bağlı olarak, omuzunuzda ağrılar olabilir. Muayene edilmeniz gerekecek."
44,fiziksel-tip-ve-rehabilitasyon,"merhablar hocam benim size sorum olucak .belim için mr çekildim sonucu şu sekilde geldi Lomber ve Lordoz düzleşmiştir. L1-2 , L2-3 , L3-4 , L4-5 , L5-S1 disklerinde minimal diffüz annüler taşma izlenmektedir.Nöral foramenler açıktır.sinir kök basısı saptanmadı. postkontrast incelemede spinal kanalda patolojik kontrast tutulumu saptanmadı. L5-S1 intervertebral disklerde dejenerasyona sekonder T2 ağırlıklı serilerde sinyal intensite kaybı ve nükleer kleftlerde belirginleşme izlenmektedir. iki doktor a sonucumu gösterdim .bi doktor bel fıtığı olmadığını söyledi .diğer doktor ise bi kaç tane bel fıtıgı ve bel düzleşmesi olduğunu söyledi .çok çelişkide kaldım bel fıtığım varmı ,yeni başlangıcı mı .ne yapmam gerekir hocam yorumlarmısınız","Esma Hanım, MR raporuna göre bel fıtığınız yok. Fakat bel incinmesi-zorlanması bulguları mevcut. Muayene bulgularınız gerektiriyorsa, tedavi edilebilir bir durumdur. Şunları incelemeniz faydalı olabilir: http://www.erenkoyfiziktedavi.com/Bel_Zorlanmasi_Ve_Incinmesi-detaylar-6.aspx http://www.erenkoyfiziktedavi.com/Bel__ve__Boyun__Restorasyonu-detaylar-40.aspx","Merhaba, öncelikle geçmiş olsun. Bel fıtıklarında da bel düzleşmesi olabilir. Ancak bu duruma göre tedavi edilebilir. Eğer bel fıtığı yoksa, bel düzleşmesi de ameliyatla düzeltilir."
45,kalp-damar-cerrahisi,hocam merhabalar. size bir sorum olacak. babam damar ameliyatı oldu. 2 kollarından ve 1 gögüs üzerinden alınmak üzere 3 damar değiştirildi. ancak yoğun bakımdan çıktıktan 1 gün sonra yüzü aşırı derecede şişti. buna deri altı şişliği dediler. bu neden kaynaklanmış olabilir? değerli bilgileriniz için şimdiden teşekkür eder saygılar sunarım.,Sayın Yüksel Öncelikle geçmiş olsun. Kusura bakmayın yoğunluktan sorunuza geç cevap verebiliyorum. Babanızın şikayeti hala devam ediyor mu? Başka bulguları gelişti mi? Cevabınıza göre daha ayrıntılı cevap verebilirim. Sağlıcakla,Bir hastalığa bağlı olarak oluşabilecek bir durumdur. Bir doktor tarafından değerlendirilmesi gerekir.
46,uroloji,Merhaba hocam 16 yasinyayim penisimde yukari dogru killar var ne yapmaliyim ucuna kadar cikarmi lutfen yardim edin ..,"Genç Arkadaşım Merhaba. Tamamen sünnet tekniği ile ilgili. Penis dip kısmında kıllanma olması doğal, yukarı ilerlemez. İlerlese dahi lazer epilsdyon ile sorun çözülür. Endişe etmeye gerek yok. İyi çalışmalar.",Bir üroloji uzmanına muayene olmanız gerekir.
47,beyin-ve-sinir-cerrahisi,yaklaşık 3 ay önce baş ağrısı nedeniyle acişle gittim ve tansiyonun 200/100 dü o güne kadar hiç tansiyon şikayetim yoktu.şimdi tansiyon ilacı kullanıyorum.tansiyon hastası olduğmu öğrendikten yaklaşık 15 gün içinde görmemde bulanıklık ferkettim.bir yere dikkatli bakktığımda en fazlan 2 saniye sonra bulanık görmeye başlıyorum.göz doktoruna gittim ama gözlerimde sorun olmadığını söyledi.ensemin alt kısmında ağrı var kolarıma vuruyor bulaşık yıkarken zorlanyorm.bazen algılama sorunuda yaşıyorm.ltfn,İlk fırsatta bir nöroloji uzmanına başvurun.,Beyin cerrahisi uzmanına başvurmanızı öneririm.
48,genel-cerrahi,"Merhaba, bebeğim şu anda 17 aylık. 4 ayına kadar her iki mememi emzirdim. 4. aydan sonra sadece sağ mememi emiyor. Sol mememde İki göğsümün arasına gelen tarafta takribi olarak 15 günden beri ağrı oluştu. Elimle kontrol ederken fındık büyüklüğün de bir beze geliyor ve mememe bastırınca canım acıyor. bebeğimi kucağıma alırken de canım yanıyor. Süt düğümlenmesi olabilir mi? Ya da kanser belirtisi mi? Önerilerinizi acilen bekliyorum. Teşekkür ederim.",Süt düğümlenmesinde kasdınız nedir bilemedim. Ama bu dönemde en sık gördüğümüz iltihaplanmadır. Yaşınızı dikkate aldığımda yağ bezi (fibroadenom) da olabilir. Bir genel cerraha muayene olmanız olayı açıklığa kavuşturur.,Bir üroloji uzmanına başvurun.
49,genel-cerrahi,tiroid sol lob üst polde 13*9mm boyutunda . sağ lob inferorda 7 mm boyutunda izoekoik heterojen solid nodüler lezyonlar izlenmektedir diğer yapılar normal gözükmekte olup acaba risk ne grup da ameliyat olma riski var mı hocam büyüme durumu nedir ne yapabiliriz bu konuda yardımcı olursanız sevinirim hocam,6 ay arayıla ızlenmelısınız nodul 1 cm yi geçerse ameliyat gerekebilir,Tiroid kisti (kistik tiroid) tedavisi gerekmez. Ameliyata deilere bağlı olarak tedavi edilebilir.
50,fiziksel-tip-ve-rehabilitasyon,"İiyi Günler Doktor bey benim sorunum dizimle ilgili mr raporunda yazan 2cm çapında baker kisti saplandı medial menisküs posterior boynuzda grade I dejenerasyon lehine intrasubstane sinyal artışı izlendi lateral menisküsün morfoloji ve sinyal intensite dağılımı doğal izlenmiş olup patolojik sinyal intensite değişikliği saptanmamıştır,filimlerdede dizde kireçlenme olduğu görülüyor rapora yansıtılmamış şiddetli ağrı oluyor bir takım egzersiz verdiler ama ağrılarım dinmiyor. saygılarımla cevabınız için şimdiden teşekkürlerimi sunarım....","MR raporu ve röntgende kireçlenme bulguları var, ama 27 yaşında bunun olması çok normal değil. Acaba yorumlarda bir abartı mı var. Değilse, nede bu yaşta böyle. Detaylı bir inceleme gerekli. Ağrının sebebini de ayrıca araştırmak gerekiyor.",Bir fizik tedavi uzmanına muayene olmanızı öneririm.
51,fiziksel-tip-ve-rehabilitasyon,merhaba hocam saygılarımla..ben iş makinası oparatoruyum yazın kolumuzu iş yogunlugundan dolayı hep aynı hareketlerle kolumu çok aşırı yoruyoruz bundan olabilirmi? 1-2 ay içinde agrılar belırmeye başladı hastaneye gittim.MR cekindim ve sonuc ''''akromıon tip 3 çıktı.ve 1:(supraspinatus tendonu kalın ve sinyallidir.(tendinozis) 2:(subkorakoid bursada ve subakromial-subdeltoid bursada minmal efuzyon mevzuttur).'''bu şekilde verildi ne yapmam gerekiyor? şimdiden çok teşekkur ederim.2 ay oldu ağrılar aar ara devam ediyor.,"Merhabalar; Omzunuzda sıkışma ve zorlanma sendromu bulguları mevcut. İlaç tedavisinin yanında, fizik tedavi, egzersiz ve omza iğne tedavisi gerekir. Sonrasında da kineziotape uygulaması öneririm. Yaklaşık 3-6 aylık bir tedaviye rağmen şikayetleriniz geçmezse ameliyat gerekebilir. Geçmiş olsun.",Merhabalar; Öncelikle geçmiş olsun. Kolumunuzda yırtık varmış. Bu duruma göre ameliyat önerilir. Ameliyattan sonra da kolumunuzun yanındaki şişlik ve ağrılar geçecektir.
52,beyin-ve-sinir-cerrahisi,merhaba hocam ben annem için bir soru sormak istiyorum size annemde omirilikte damar daralması var omirilik kemiği L şeklinde dir doktorlar ameliyat olması gerektiğini söylediler bu ameliyatların risk oranı nedir ameliyat olursa eski sağlıgına dönebilir mi masada kalma ihtimali var diyorlar annem için çok endişeleniyoruz.cevabınız için şimdiden teşekkür ederim,"Benim yaptığım ameliyatta sakat kalma felç olma riski yok, yaklaşık 1 saat sürüyor, cilt dikişiniz olmuyor, oniki saat sonra ayağa kalkabiliyorsunuz. Ameliyatın ertesi günü eve dönebilirsiniz. Bel kaymasında bele titanyum vidalar yerleştiriyoruz. Halk arasında &#8220;vida&#8221; veya &#8220;platin&#8221; ameliyatları olarak bilinen bu ameliyatlar çok riskli ameliyatlar. Biz hastaya sakat kalma felç olma riski yok diye garanti verebilmek için özel bir teknoloji kullanıyoruz, böylece ameliyatlarda bir sorun çıkmıyor. Karar vermek için annenizi görmemde yarar var. Pazartesi, Salı ve Perşembe 10-18 arası Nişantaşı&#8217;nda muayenehanemde (Teşvikiye cad.17/Kat1 İkbal İş Merkezi-Teşvikiye Camii karşısı &#8211; Nişantaşı - İstanbul) hasta bakıyorum. SGK ameliyatlarda büyük indirim sağlıyor. Sizi görmeden ücret belirtmek çok zor, ama elimden gelen yardımı yaparım, merak etmeyin. İlk fırsatta bekliyorum. Dr Aybars AKKOR *** *** ** *** *** ** / *** *** ** Not: Daha ayrıntılı bilgi istiyorsanız *** *** **&#39;den Onur Hanımı (LİSTEZİS koduyla) arayabilirsiniz.","Merhaba, Annenizdeki durumun tedavisi için ameliyat olabilir. Ameliyattan sonra da sağlığının tekrarlanacağına dair bilgiye ulaşmak için hastanızı muayene etmem gerekecek."
53,genel-cerrahi,"ben 41 yasında bayanım hocam boyun usg sonucu her iki parotıs normal lezyon saptanmadı. her iki submandibuler boyut ve parankim doğal. troid glandı sag lobu 16*15*41mm sollobu 14*15*41istmus 3,5mm. parankimi minimal heterojen olup sağ lobda 1-2 adet kalsifikasyon mevcuttur.belirgin sınır veren kistik veya solid kitle izlenmedi... sag level 2de kısa aksı 1cm gecmeyen bırkac adet lenf nodu mevcuttur. sol submandibuler lojda yaglı hılusu kısmen seçilebilen 13*7 bırkac adet lenf nodu izlendi hocam kan sayımında hormonlarda sıkıntı çıkmadı 4 yıldır nodulumun oldugunu biliyorum buyume göstermiyo fakat en son gittiğimde kalsifiye beni korkuttu suan antibiyorik kullanıyorum hocam yorumunuzu ve tavsiyenizi bekliyorum",Korkulacak bir şey yok. Ama bir genel cerrah tarafından değerlendirilirse iyi olur. Geçmiş olsun.,Bu USG raporunda kalsifikasyonlar var. Bu durumda ilaç tedavisi ile düzelme olmazsa ameliyat gerekebilir.
54,beyin-ve-sinir-cerrahisi,başımda bi beze oluştu dokunduğumda ağrıdığını hissediyorum yağ bezesi olabilceğini düşünüyorum size danışmak istedim,görmeden birşey söylenmez,Bir kardiyakoloji uzmanına başvurun.
55,ortopedi-ve-travmatoloji,merhaba hocam; annem 38 yaşında ve sağ bacağındaki ağrıdan şikayetçi 4-5 sene önce diz kapağında başladı diz kapağını kıramıyodu şimdi bazen bacağında bazen baldırında bazen topuğunda bazen parmak uçlarında iğne gibi bişeler batıyor.Şikayeti ne olabilir yardım ederseniz çok sevinirim şimdiden teşekkürler,Merhaba gecmis olsun. Lomber disk hernisi acisindan degerlendirmek gereir. Size onerim mutlaka ortopedi uzamnina basvurmaniz gerekir. Tesekkur ettim..,Bir fizik tedavi uzmanına muayene olmanızı öneririm.
56,beyin-ve-sinir-cerrahisi,sayın hocam benım problemım yaklaşık 4-5 aydır devam eden kollarımdaki ağrıdır. ağrı hareket halinde olduğu gibi hareketsiz de yaşanıyor. özellikle koların omuza doğru olan bölümleri agırmaktadır. konu ile ilgili aktarımlarınızı rica ederim. saygılarımla...,"İlk fırsatta boyun MR'ı ve &#8220;her iki kol EMG&#8221; çektirin, sonuçları bana yollayın veya bizzat getirin, sonra ayrıntıları görüşelim. Dr Aybars AKKOR 0-212- *** *** ** Faks:*** *** **","Kol ağrısı, kuru iğne tedavisi ile düzelir."
57,genel-cerrahi,Makat kısmının arka kısmında mercimek tanesi kadar şişlik ve ara ara sol tarafta hafif şişlik var. 2 haftadir bu şekildeyim ağrım sızım tuvalete çıkmada hiçbir sıkıntım yok sebebi nedir ne yapmam lazım,İçinde pıhtı oluşumu gelişmiş bir hemoroid olabilir veya kıl dönmesi.muayene etmeden birşey söylemek doğru olmaz geçmi olsun,"Merhabalar; Makatta şişlik ve ağrı olursa, makata yakın bölgede kireçlenme veya kıl dönmesi olabilir. Bu durumda, doktorunuz muayene ettiğinde, tedavi planlanır."
58,beyin-ve-sinir-cerrahisi,hocam öncelikle iyi akşamlar dilerim hocam ben ağustos ayında boyun fıtıgı amelıyatı geçirdim açık ameliyat oldum.yaklasık 2.5ay boyunluk taktım omuriliğimde platin var onun kaynaması için taktırıdı doktorum öle söledi yani hocam daha sonra işden çıkardıalr beni 4 ay kadar raporluydum geçen günü de iş görüşmesine gittim hocam beni ameliyatlıyım dıye elediler hocam bu fıtık ameliyatı benım çalışmamda engel mi ayrıcada ben futbol ve fitness oynuyabilirmiyim gerekli açıklamayı yaparsanız cok sevinirim hocam saygılar...,nasıl bir ameliyat yapıldı bilmiyorm ama boyun fıtığı ameliyatıundan sonra normalde boyunluk gerekmez bir hafta sonra her işi yapabilirisiniz normal insanlardan farkınız kalmaz,"Merhaba, Fizik tedavi uzmanına başvurmanızı öneririm."
59,genel-cerrahi,Slm hocam annem kolon kanseri ameliyat oldu patoloji sonucunda KONJESYONE FİBROLİPOMATÖ doku ve MALİGN SİTOLOJİ tanısı konulmş acaba nedir bilgi verirmsnz,"Kolon kanseri için yazdığınız patoloji raporu uygun değil. ""Maling sitoloji"" demek habis hücreler anlamına gelir. Kanser için hiç açıklayı değildir. Diğer ifade kötü bir durumu göstermiyor. Asıl patolojiye henüz ulaşamamışsınız zannedersem.","Kolon kanserindeki fibrolipomatö doku, kendi kendine yeterli olan bir kitleye benzer bir durumdur. Bu durumda ameliyattan sonra tekrar kanısının olup olmadığına bakılır. Eğer tekrar kanıya yol açarsa, ameliyat edilir."
60,uroloji,"merhaba hocam babam 62 yaşında 3 yıl önce psa 8mg çıktı sonra antibiyotik kuklandı 3mg düştü şu anda psa ölçüldü 9mg çıktı hiç bişey kullanmadan 14 gün sonra başka hastanede ölçüm yapıldı6,75mg çıktı doktor biyopsi öneriyor sizin görüşünüz nedir hocam bilgilendirirseniz seviniriz. şu anda cipros 500mg kullanıyor",Hülya Hanım Merhaba. PSA sadece kanser varlığında yükselmez. Prostat enfeksiyonları da PSA değerini yükselten nedenler arasındadır. Antibiyotik kanseri tedavi etmeyeceği için tedavi sonrası PSA değerinin normal sınırlara gerilemesi yükselmenin enfeksiyonda. Kaynaklandığına işaret eder. Yeniden 6 haftalık bir antibiyotik tedavisi uygulanıp PSA y niden ölçülebilir. Eğer yine yüksek çıkar ise biyopsi yapılması uygun olur. İyi çalışmalar.,Bilgi vermek için sizi muayene etmem gerekir.
61,genel-cerrahi,"Merhaba dr bey annem bir haft önce göbek fıtığı amlyt oldu. fıtık büyüktü ve coumadin kullanıyor.her gün aynı saatte dreni boşaltıyoruz hep 250 ml,hiç azalma olmadı. Normalde iki gün önce 25ml e düşecek ve aldıracaksınız demişti dr bey. Fakat hiç azalmadı ayrıca bugün rengi açıldı derken koyu kan gelmeye başladı. Amlyatı gerçekleştiren hekimden yeterli cevap alamadım. Size danışmak istedim. Dren miktarının azalmaması renginin koyulaşmadı ne demektir? Bundan sonda nasıl bir yol izlemeliyiz? Coumadin ile ilgili midir, kesmemiz gerekir mi ? Kan gelmesi devam ederse ne yapmamız gerekir? Teşekkür ederim iyi çalışmalar diliyorum","Sayın Neslihan Hanım; Yapılan ameliyat, ameliyatta uygulanan yöntem ve ameliyatın boyutlarını bilmeden sorduğunuz sorulara cevap verebilmek mümkün değil. Ancak coumadin kullanımı kanama problemlerine yol açabilir, bu ilacı kullanma nedeniniz önemli. O yüzden doktorunuza danışmadan kesmenizi önermem. saygılarımla","Merhaba, Annenize yapılan tetkiklerin sonuçlarını bana göndermenizi öneririm."
62,genel-cerrahi,Kardeşimin karaciğerinde doğuştan olduğu düşünülen lekeler var.Ama son check-up da bu lekelerin büyüdüğü söylendi.Özellikle bir tanesi çok büyük olduğu için 1 yıllık takip sonrası ameliyat olması gerektiği söylendi.İlaç tedavisi de yokmuş.Bunların bir nevi kanser olduğu ama yapılan kanser testleri sonucu kötü huylu olmadıkları söylendi.Kanser sözünü duymak tabiiki çok canımızı sıktı.Konu ile ilgili yorumlarınızı alabilirmiyim? Şimdiden çok teşekkür ediyorum.,Verdiğiniz bilgilerde net bir teşhis olmadığı için yorum yapmam isabetli olmaz. Ama sanki bir hemanjiom teşhis edilmiş gibi anladım. Eğer öyle ise 10 cm'i geçip diğer organları sıkıştırmadıkça ameliyat etmeyiz.,Kardeşinizin hastalığının nedeni karaciğerdeki lekeyi bilmek lazım. Leke büyümesi kanser olabilir. Ancak kanser olmaması da mümkün. Bu durumda tedavi planlanır.
63,uroloji,8. Ayda Anti hiv antikor yalancı Negatiflik vrm ihtimali .?,Normal bir kişide negatif olma ihtimali yoktur. Sonucunuz temiz.,Evet
64,genel-cerrahi,40 yaşımdayım zaman zaman göbeğimde sarı kalıntılar oluyordu temizliyordum çok seyrek olarak geçen gün göbeğimde kurumuş kan gördüm çok panik oldum cevabınız için şimdiden teşekkür ederim,Panik olacak bir durum olduğunu sanmıyorum. Göbek deliğinin dar olduğu ve yeterince temizlenmediği durumlarda göbekte enfeksiyon olabilir. Göbek içinde birikenler bu enfeksiyona yol açar. Göbek deliğinizi düzenli temizleyiniz. Gerekirse bir doktordan yardım alınız.,Göbekteki kanlı kılıntılar genellikle kanlanma veya kanlı sıvıdan kaynaklanır. Bu durumlarda kanlanma sırasında kanlı sıvının göbekten kaçması ve kanlanmanın devam etmesi ile kanlı kılıntı oluşur. Kanlı sıvı kanlanmaya neden olabilir. Kanlı sıvının kanlanmadığı zaman da kanlı kılıntı oluşabilir. Kanlı sıvının kanlanmadığını düşünürken kanlı kılıntıların oluşmasını engelleyen ilaçlar kullanmak gerekir. Kanlı kılıntıların tamamen geçmesi için tedaviye ihtiyaç vardır.
65,kulak-burun-bogaz-hastaliklari,"Merhabalar hocam, 3 ay önce tükürükle birlikte ağzım dan kan gelmişti. Bugün aynı şekilde ağzımdan tükürükle birlikte iki üç defa kan geldi. Hocam öksürük, mide bulantısı, karın ağrım yok sadece geceleri boğazımda yanma ve gıcıklanmayla birlikte midemde yanma oluyor ayrıca 3 aya yakın dişim de ağrısız apse var. Hocam bu neden kaynaklanmaktadır? korkulacak bir şey var mı?","Öncelikle geçmiş olsun, az miktarda kan gelmesi özellikle tükürükle birlikte olunca çok önemli sayılmaz, diş erlerimizi kontrol edin, bazen de Burundan kaynak olabilir",Bir dahiliye hekimine muayene olmanızı öneririm.
66,genel-cerrahi,iyi günler hocam 9 yaşında kist hidatik ameliyatı oldum ve karaciğer sol lob segment 2 ve 3 yok.şimdi 23 yaşındayım sağlık problemim yok .askerden yedek subay adayı olarak muaf olurmuyum.,Bu konuda net karar verebilmek için ameliyat raporlarınız ile birlikte bir askeri hastaneye müracaat etmeniz gerekmektedir. Orada yapılacak tetkikler ve sizin raporlarınızın değerlendirilmesi sonucunda bu konudaki yönetmeliklerde incelenerek karar verilir.,"Merhaba, Askerlikten yedek subay olarak görev alabilirsiniz."
67,fiziksel-tip-ve-rehabilitasyon,"rapor bu c5-6 c6-7 diskleri santral protrüzyon göstermekte olup anterior epidural mesafede silinme mevcuttur.Servikal vertebra korpus yükseklikleri ve nöral arkus elemanları normaldir.servikal intervertebral disk yükseklikleri ve intensiteleri normal olarak değerlendirilmiştir. servikal spinal kord intensitesi ve genişliği , kraniovertebral bileşke normaldir.servikal spinal kanal ön çapı ve nöral foramenler normaldir YORUM:C5-6 ve C6-7 santral protrüzyon,anterior epidural mesafedede silinme.",MR raporunda ciddi bir bozukluk yok. Şikayetiniz nedir ?,"Merhaba, Öncelikle geçmiş olsun! Bu raporda önemli olan; C5-6 ve C6-7 seviyelerindeki disklerde hafif derecede daralma var. Ancak bu durumda ameliyat gerekmez. Muayene bulgularınız ile birlikte değerlendirilmesi daha uygun olacaktır. İyi çalışmalar..."
68,kardiyoloji,"KOAGULASYON SONUÇLARI PT 24,6 sn 12 - 16 INR 1,86 APTT 38,0 sn 25 - 40 COUMADİN KULLANAN HASTA SON 3 GÜNDÜR BU SONUÇLAR HK BİLGİ VERİRSENİZ MEMNUN OLRUM","Bu sonuçlara göre coumadin dozu yetersiz görünüyor. Ancak mutlaka takip eden doktora danışın. Sanal ortamda ancak genel bilgi verebilirim. Geçmiş olsun, Prof. Dr. Ali Serdar Fak, www.vivasaglik.com",Öncelikle geçmiş olsun. Bu değerler normal sınırlarda. Bunlar hastalığınızdan kaynaklanmaz. İleri tetkikler yapılabilir. Geçmiş olsun.
69,uroloji,Hocam merhaba bi sorum olacaktı ama cevabını hicbiryerde bulamadim hocam ben büyük abdestimi yaparken idrarimvarsa veya yoksa da büyük abdesti yaparken bir kaç damla idrar geliyor yani fazla değil bu normaldimir başka bi sıkıntı yok fazla idrar gibi bi durum yok lütfen ce,"Normaldir, endişe etmeyin",Normaldir.
70,ortopedi-ve-travmatoloji,"Merhabalar hocam. 30 yaşındayım. Askerlik dönemimde buz üzerinde kayıp kalçam üzerine düştüm ve belimde ağrılarım başladı. Daha sonra bir trafik kazası sonucunda bu ağrılarım daha da şiddetlendi. Kaza geçirmemin üzerinden 8 yıl geçti. Ve maalesef ki daha 1 hafta önce ortopedi ye gözüktüm. Doktorumun dediği üzre bel fıtığım yokmuş filmlerde. Kendisi kan tahlili istemişti. Ve Ürik asit seviyesi ""10.1"" çıktı. Ben et tüketimi çok az olan bir insanım. 1.70 boyunda 53 kiloyum. Ailemden kimsede ""gut yok"". Benim asıl sıkıntım kendimi 70 yaşında gibi hissediyorum çok ağrım oluyor. Hocamızın söylediğine göre GUT hastasıymışım. Bana 2 ilaç verdi Colchicum -Dispert ve Voltaren SR 75. Şu anda bu ilaçları kullanıyorum ve çok rahatım. Fakat ilaç vakti geçer geçmez tekrar kabuslarım başlıyor. 10 ay önce de Pnömotoraks yüzünden operasyon geçirdim. Şimdi de bu hastalık... Ne yapmam gerekiyor hocam, sizce durum ne kadar ciddidir? Bu çıkan değer yaşıma oranla çok mu yüksek?",Gut atak yapan bir hastalıktır ve şu an tedavisini alıyorsunuz. Ürik asit seviyesi normale dönünce sadece proteinden fakir diyet yapmanız yeterli olabilir. Tekrarlarsa yine tedavi almanız gerekir. O kadar moral bozacak bir hastalık değil. Geçmiş olsun.,GÜT hastalığı için 6-9 ayda tedavi edilmesi gerekir.
71,beyin-ve-sinir-cerrahisi,Bu soruyu eşim adına soruyorum. Belimin sol tarafından başlayıp sol bacağımın arka tarafından dizime kadar bir çizgi halinde ve dizden aşağısı ayak parmaklarına kadar tümden bir ağrım var. Bunun üzerine son 5 gün öncesi sol ayak bileğimda 2 taraflı (dış tarafında) şişme (su varmış gibi bir şişlik) var. Acılı ve ağrılı bir yanma var. Özellikle bu şişlikler neden kaynaklanabilir ve doktora gitmek istersek hangi bölüme gitmeliyiz. Acilen bir cevap verebilirseniz çok memnun oluruz. Yaşım : 35 Izmir,"İlk fırsatta yeni bir bel MR&#39ı çektirin, sonuçları bana yollayın veya bizzat getirin, sonra ayrıntıları görüşelim.",Beyin cerrahisi bölümüne başvurmanız uygun olur.
72,uroloji,Merhabalar hocam 17 yaşındayım ve ereksiyon halinde iken penisimin gövdesini tutunca penis başı büyüyor ve kenarları hafif çatlak gibi yara oluyor başını sıkınca düzeliyor bırakınca tekrar şişiyor. Sizce bu neden kaynaklanıyor olabilir ? şimdiden teşekkürler,Çok sıkı tutmayın,Bir üroloji uzmanına muayene olmanızı öneririm.
73,kalp-damar-cerrahisi,SAYIN HOCAM MERHABA.ADIM CELALETTIN ELİBÜYÜK. BENIM SOL BACAĞIMDA SUREKLI YANMA ELEKTRIKLENME VE KARINCALANMA OLUYOR.4 DEFA AMELİYAT OLDUM.ROBOTIK KALP DAMAR ACMA AMELIYATI DUYDUM FAYDASINI GOREBILIRMIYIM.YUZDE 54 ENGELLIYIM.SEKER HAST.VAR.TAVSIYENIZ NELERDIR.TESEKKURLER.,"Celalettin bey, randevu alın, elinizdeki anjiyo CD leri de getirin lütfen, bir bakalım ne yapacağımıza, robotik damar ameliyatı yapılmıyor Türkiye şartlarında, çok geçmiş olsun.","Merhaba, öncelikle geçmiş olsun. Ameliyat olmanız gerekiyor. Saygılarımla"
74,beyin-ve-sinir-cerrahisi,"Merhaba Ali bey, Umarım iyisinizdir? Ben pek iyi değilimi. Sebebine gelince. 10-12 yıldır Bel fıtığı rahatsızlığı çekiyorum. Bunca yıldır görmediğim tedavi kalmamıştır. En son Geçtiğimiz Cuma Izmit Romatem hastanesinde Doktora gittim ve MR cektirdim. Şiddetli ağrılarım başlamıştı. Sırtımın sol orta seviyesinde spazm oluştu ve beni ağlatacak seviyede acıyordu. MR sonucum bu şekilde: L4-5 düzeyinde diskte dehidratasyona bağlı sinyal kaybı, diffüz bulging, santral disk herniasyonu, dural saka bası, nöral foramenlerde daralma ve L5-S1 düzeyinde diskte dehidratasyona bağlı sinyal kaybı, diffüz bulging, sol mediolateral proztrüzyon, sol S1 sinir köküne minimal bası, nöral foramenlerde daralma. L1, L2 ve L3 de ise düzeyinde dehidrasyona bağlı sinyal kaybı yazıyor. Bu MR'a göre yorumunuz ne olur efendim. Cevabınızı bekliyor olacağım. Kolay gelsin. Saygılar Mert",Muayene bulgularınız da önemlidir. Beyin ve Sinir cerrahisinde muayene olmanızı öneririz.,"Merhaba, Öncelikle geçmiş olsun. MR raporunda bel fıtığınız var. Ancak muhtemelen ameliyatlık bir durumdur. Muayene bulgularınız ile değerlendirilmesi uygun olacaktır. Sağlıklı günler dileklerimle..."
75,beyin-ve-sinir-cerrahisi,ben 40 yaşında evli bayanım şikayetim yazdan beri süren sırt ağrısı ağrı sadece geceleri uykumun arasında yatakta dönerken oluyor fizik tedavi uzmanı kulunç dedi kas gevşetici verdi ama fayda etmedi uyku düzenim çok bozuldu ne önerirsiniz teşekkürler iyi çalışmalar,Öncelikle fizik tedavi görmenizde yarar var. Eğer rahatlamazsanız bana gelebilirsiniz. Dr Aybars AKKOR 0-212- *** *** **,Beyin MR&#39;si çektirmenizi tavsiye ederim.
76,genel-cerrahi,"Merhaba Hocam, 28 yaşındayım, 1 i normal, 1 i sezeryan olmak üzere 2 doğum yaptım ve hamilelik ve sonrasında hemoroid problemi, kabızlık v.s. yaşamadım. Son günlerde kabız olmamama ve ağrılı dışkı yapmamama rağmen dışkımda bol miktarda kan görüyorum belki damarlarda bir çatlama olmuştur bilemiyorum, hiçbir ağrım, sancım, rahatsızlığım, şikayetim yok.. Sebebi ne olabilir? Kolonoskopi falan gerekir mi? Genel Cerrahi bu sorum için doğru alan mı emin değilim, beni bilgilendirir misiniz. Teşekkür ederim.",Genel cerrahi sorunuz ve sorununuz için doğru adres. Ama probleminiz soru cevap şeklinde çözülebilecek bir şey değil. Mutlaka bir genel cerrah tarafından muayene edilmeniz gerekli. İyi günler.,"Merhaba, kolonoskopiden sonra tedaviye başlanır. Geçmiş olsun."
77,fiziksel-tip-ve-rehabilitasyon,Merhaba Ayşegül Hnm anneme dizleri için protez takmaktan başka çare olmadığı söylendi bu durumda kök hücre tedavisi yapılabilir mi?,Merhaba Annenizi mümkünse tetkikleri ile beraber muayene edersem bu yanıtı verebilirim.,Bir cerrahi muayene ile karar verilir.
78,ortopedi-ve-travmatoloji,slm emar çektim diz için sonuç synovialefüzyon ve prepatellar yumuşak dokuda hafif ödem çıktı çömelemiyorum sabit durduğumda aşırı ağrı oluyor dizlik önerdi bişey yok diyor ağrısı çok tşk,"sedat bey dizlik, istirahat ve ilaç tedavisi yeterli olacaktır",Dizinizdeki sorunun tedavisi için muayene edilmesi gerekir.
79,uroloji,Hocam merhabalar ben 22 yaşındayım Herhangi bir kronik rahatsızlığım yok . Her ay ilk gün ağrılı regl görüyorum ve bir adet dolerex yada dicloflam içiyorum . Yaklaştık bu 3-4 senedir . Sadece ayda bir içiyorum . İnternette böbreklere zarar verdiği yazıyordu bu kadar kısa sürede böbrek yetmezliği yapar mı ? Eylül de idrar tahlili verdim tüm değerlerim kan vs normal çıktı lökosit +- yazıyordu onu anlamadım normal mi ? Bide yaklaşık 4 senedir de 10 mg citoles kullanıyorum anksiyetem olduğu için bu içtiklerim böbreklerime zarar verir mi ? Bir kaç gündür böbreklerim ağrıyor gibi ama böyle sürekli süren Ağrı değil bir kaç saniye yada bir dakika falan sonra geçiyor neden olabilir? daha yeni tahlil yaptırdım bir şey olsa çıkmaz mıydı ? Hepsine tek tel cevap verirseniz çok mutlu olurum,Devamlı almazsanız zararı olmaz. Kas ağrısı olabilir. Geçmezse bir üroloji uzmanına muayene olmanız gerekir,Böbrek yetmezliği olmaz. İdrarda ödem varsa ilaç tedavisi ile düzelir. Ancak ödemin kaynağına bakmak gerekir.
80,beyin-ve-sinir-cerrahisi,"Harewketli iki yönlü filmde bel kayması tespit edilip, ameliyat önerildi. Ama isteğimize bırakıldı.Bacaklarda güç kaybı yok.Ağrı 4 aydır sürüyor.Belde sağ bacakta,sağ topukta belirgin ve şiddetli. Bir aydır fizik tedavicini verdiği 6-7 çeşit egzersiz lerden yapıyorım.Nispeten rahatladım.Acaba bel kayması için önerilen ve mahzurlu bulunan eksersizleri öğrenme imkanımız var mı? Ameliyatsız tedaviye ulaşma ihtimalimiz ne kadar olabilir. Saygılar efendim.","Size antaljik trak ve kryoprakti uygulayabiliriz. Ayrıntılı bilgi için www.akkorsaglik.com adresine girebilir, veya aşağıdaki telefonlardan Aynur Hanımı arayabilirsiniz. Dr Aybars AKKOR *** *** ** / *** *** **",Bence ameliyat olmanız gerekir. Muayene etmeden ve tetkiklerinizi görmeden yorum yapmak yanlış olur.
81,kardiyoloji,hocam merhaba tekrar benım 5400 adet ves çıktı demiştim holterde.bıraz fazla demişsiniz.ben eko da yaptırdım.ekom normal çıktı doktor ilaca gerek yok dedı.şimdi ne dıyorsunuz 5400 adet ves .için.tehlkesı varmı hocam ve bazen akşamları peşpeşe 10 kez teklıyor kalbım sankı bi tekleme bı tık bi tekleme bı tık şeklınde ardarda.değerlı yorumunuza ihtiyacım var hocam.bu sayıdan dolayı kalbıme zarar gelirmi,"Ekonuz normalse, daha fazla endişe etmeyin. Bu atımları azaltıp sizi rahatlatacak ilaçlar var ancak, kullanmak her zaman gerekmez. Endişe etmezseniz şikayetiniz zamanla azalacaktır. Geçmiş olsun.",Bir sorun olmaz. Ancak 5400 adet ves kullanmak için tedaviye başvurmanız gerekiyor.
82,dahiliye-ve-ic-hastaliklari,"karaciger oldugu yerde agrı var.omurilik civarlarına mide arkasına ve sırtıma vuruyor.batmalı yanmalı şekilde bazen şişkinlik vererek agrılarım var.karacigerde büyüme var dedi ddoktor.kolestrol tansiyon şeker triod ne varsa ultronlar beraber yaptırdım.agrılar bazen artıyor bazen hiç yok çok rahatsız eden bir agrı degil ama oturunca yapıyor genelde.3 defa dahiliye gittim KAN İDRAR değer dışı çıkanlar MPV :12.6 fL (8.0 &#8211; 12.0) WBC :11,*** *** ** - *** *** **) EO% :0.6 (1-4) PDW :17.6 (9-17) Albümin:5",İç hastalıkları ile ilgili bir sorun bulunmadığına göre kas-iskelet sistemine ait ağrılar olabilir. Fizik tedavi uzmanına başvurunuz.,"Bir hastalığınız yok. Karaciğerlerinizdeki büyüme, kolesterol yüksekliği, şeker ve trigliserit açısından önemlidir. Bu nedenle mutlaka tedavi olmanız gerekecek. Geçmiş olsun."
83,beyin-ve-sinir-cerrahisi,merhabalar.. Hocam benim size sormak istediğim soru yaklaşik 1.5 aydir gözlerim sanki boş boş bakiyor sanki beynim hiç çalışmıyor gibi hissediyorum belli bi amacım yokmuş gibi hissediorum bir yerebakerken.. nöroloji ye göründüm 4 çeşit kan testi eliza herbör rutin kan ve hemogram testi yapıldı 1 de eeg testine girdim tüm sonuçlar hgayet normal hiç bi aksaklık yok sizce ne yapmaliyim tomografide gereklimi yaşam kalitemi olumsuz etkliyor psikolojik olma ihtimali nedir birde sürekli pc başındayim..,psikiyatriye başvurun mutlaka,Beyin MR'ı çektirmeniz uygun olur.
84,uroloji,hocam öncelikle iyi günler ben yaşım 34 bekarım 2006 yılında böbrek nakli oldum düzenli olarak cell cept certican kortizon kullanmaktayım böbrek fonksiyonlarımda normal düzeyde seyrediyor içki sigara kullanmıyorum. sormak istediğim benim dün yaşadığım olay psikolojimi bozdu normal zamanda cinsel birliktelik aklıma gelse ya da cinsel obje gördüğümde penisim sertleşirdi ama erken boşalırdım.bunun için dün yaşadığım ilişki öncesi cialis 20 mg aldım ve erken boşalma olmasın diye penisime geciktirici krem sürdüm ama maalesef partnerimle sağlıklı bir birliktelik yaşayamadım penisim de sertleşme olması zaman aldı ama çok kısa sürdü boşalma miktarı da çok az oldu.şu an bile hala penisim de sertleşme rahat olmuyor. daha önce ağustos ayında erken boşalma için gittiğimde doktorun yaptırdığı tahlilerde prolaktin ve testestoron hormonları da normal çıkmıştı.daha iki üç gün öncesine ilaç kullanmadan sertleşme de sıkıntı yaşamamıştım bu kadar kötü durumla ilk kez karşılaşıyorum.bu durum psikolojimi bozdu bu duruma acaba geciktirici krem mi neden oldu . muayene olmadan tabi ki bir şey söylemek zor ama bir ön bilgi verirseniz sevinirim hocam şimdiden teşekkür ederim,"Geciktirici krem kullanmayın. Bir süre sonra geçer, endişe etmeyin.","Böbrek nakli sonrası yapılan tüm tetkikler normal ise, psikolojik sorunlara bağlı olabilir. Ancak, psikiyatriste başvurmanızda fayda var."
85,beyin-ve-sinir-cerrahisi,"Merhaba hocam, Geçen sene babama 3ay içinde 2kez fıtık ameliyatı yapıldı aynı yerden.Aradan 10ay geçtikten sonra bu fıtık aynı yerden nüksetti.(Multipl seviyede disklerde dejeneratif T2 sinyal kaybı izlenmektedir.L1-2 düzeyinde diskte minimal bulging izlenmektedir.L2-3 düzeyinde diskte minimal bulging izlenmektedir.L3-4 düzeyinde diskte diffuz bulging izlenmektedir. L4-5 düzeyinde diskte sol parasantral inferior uzanımlı fokal herniasyon, dural kese, korda basısı izlenmektedir.L5-S1 düzeyinde diskte santral minimal fokal protrüzyon izlenmektedir.)Şimdi ise bize vida takılması gerektiği söyleniyor.Babamın yaşı 62 ve bu vidadan sonra olabileceklerden endişeliyiz.Size sorum 3.ameliyatta bu vidalama gerekli mi başka yolu var mı, nasıl bir yol izlemeliyiz? Teşekkür ederiz..",Merhabalar. Öncelikle geçmiş olsun. Hastanız iki kere bel fıtığı ameliyatı geçirmiş ise bir 3. ameliyat gerekiyor ise vida gerekebilir. Ancak hastanızı görüp muayene etmeden ve tetkiklerini incelemeden yorum yapmak doğru olmaz. Sizi görüp değerlendiren ve mümkünse daha önce de ameliyat etmiş olan meslektaşlarımıza danışmanızın en sağlıklı seçenek olacağı kanaatindeyim. Şifa dileklerimle.,Beyin cerrahisi uzmanına başvurun.
86,beyin-ve-sinir-cerrahisi,Hocam bir saat önce kafamı buzdolabına carptım. Hafif acıyor dokununca hafif bir ağrı var ben panik birisiyim bişey olurmu acaba,"Olmaz, endişe etmeyin.",Bir süre sonra geçer.
87,beyin-ve-sinir-cerrahisi,"1- Sayın Hocam, 2 yıl önce belimde ve sağ bacağımdaki ağrıdan dolayı muayene oldum, MR raporumda; ""L3-4, L4-5, L5-S1 disklerinde dural keseyi anteriordan minimal indente eden diffüz anüler taşmalar, anterior epidural yağ mesafelerinde daralmalar, vertebra korpus köşelerinde osteodejeneratif değişiklikler izlenmektedir."" yazıyor. Herhangibir İlaç kullanmadım ve tedavi olmadım, şikayetlerim arttı, kalça kemiğim sızlıyor ve geçmeyen bir ağrı mevcut.Tekrar muayene olacağım. devamı --> Ş.I.","İlk fırsatta yeni bir bel MR&#39ı çektirin, sonuçları bana yollayın veya bizzat getirin, sonra ayrıntıları görüşelim. Dr Aybars AKKOR 0-212- *** *** ** Faks:*** *** **","Sayın Şükrü Bey, Öncelikle geçmiş olsun. Bu duruma göre ameliyatlık bir durum yok. Ancak şikayetlerinizi da tam olarak anlayabilmem için muayene etmem gerekiyor. Muayenede de ameliyatlık durum yoksa ameliyata gerek yoktur. İyi çalışmalar."
88,kardiyoloji,"Hocam merhaba ben 32 yaşındayın 110 kiloyum 4 yıldan beri hipetartansiyon hastasıyım. İlk doktora gittiğimde tansiyonum 17-11 civarındaydı. 1 haftalık takip sonunda exforce 10/160 kullanmaya başladım. Genetik tansiyon olduğunu söylediler. Tansiyonum *** *** ** civarında gezmeye başladı. Bir gün bir doktor arkadaşım bu hap sana çok ağır , böbreklerini bozabilir, yan etkile ryapabilir ileride dedi. ve norvacs 10 mg kullanmamı söyledi. Norvac kullanmaya başladım. tansiyonum 9 civarında seytermeye başladı. Sonra doktora gittim oda bana karvea 160 mg verdi. Katvea kullanırken tansiyonum zaman zaman 15-10, 14,9, 16,10 a kadar çıkmaya başladı. ayrıca nabız atışımda 100 den aşağıya hemen hemen düşmüyor. Bugün tekrar exforce 5-160 kullanmaya başladım. Benim merak ettiğim acaba bu exforce çok ağır bir hap mı.. böbreklerimi bozarmı.. lerde 60 yaşına gelince tansiyonumu kontrol etmek için çok dah aağır haplar mı kullanmam gerekir exforceye devam edersem.. teşekkürler","Hayır, özellikle ağır bir ilaç değil, ancak sizin bünyenize uygun olup olmadığını bilemem. Hangi kişiye hangi ilacın uygun olduğu hakkında sanal ortamda (hastayı muayene etmeden) yorum yapmak mümkün değil ve hukuken doğru da değil. Onlarca çeşit tansiyon ilacı var; herkesin bünyesine uygun olanı ancak muayene ve tetkikleri inceleyerek karar verebiliriz. Geçmiş olsun, Prof. Dr. Ali Serdar Fak, www.vivasaglik.com","Merhaba, öncelikle geçmiş olsun. Bu konuda bilgi veremeyen bir kişi ile görüşmenizi tavsiye ederm. Geçmiş olsun."
89,genel-cerrahi,"merhaba 43 yaşındayım,sırtımın yanında minik mandalina kadar lipomum vardı 2senedir acı yokdu şu andada lipomumum üstüne bastırınca ağrı yok ama kol butum aynı eski acılarım gibi,sanki lipom var ama hiçbir kitle yok görünürde .sorum ,,ben 117 kiloyum bu lipomu aldırsam lokal olabilirmi illaki narkozmu gerekiyor .şekerimde var .ameliyattan korkuyorum beni bu konuda aydınlatırmısınız birde hastaneye gidince hangi bölüme gitmeliyim daha önce fizikçi cerraha göndermişdi şimdi nereye gideyim teşekkür",lokal kolayca olur ve bir genel cerrah koalyca bunu gerçekleştirir geçmiş olsun,Lipom ameliyatında kendi kendine kalmaz. Ameliyat edilmesi için öncelikle muayene edilmeniz gerekecek. Lipomun büyüklüğünden ve yerinde ne olduğunu bilmek lazım.
90,genel-cerrahi,Doktor bey merhaba 1 ay once çift tarafli kapali kasik fitigi ameliyati oldum . Sag tarafimda problem yok lakin ama sol tarafimda agri var . Sol tarafimdan daha once acik ameliyat olmustum ve fitik tekrarladiginda baya agrim vardi . Su anki bahsettigim agrida sanki yeni ameliyatla alakali degilde acik ameliyatta koyulan parcayla alakali gibi ameliyat olmadan once olan agrimla ayni yerde . ayakta kalinca ve karnimi icine cekince aciyor . 1 ay gecmesine ragmen Bu normalmidir . Icerideki yaralar yeni oldugundanmidir . Özelliklede ayakta durdugumda yurudugumde oluyor . Ameliyat sonrasinda 2 kere kontrole gittim muayene sonucunda sorun yok iyisin dendi . İyi calismalar,1 ay sürmemesi lazımdı. Bir ultrason çektirin,"Merhaba, öncelikle geçmiş olsun. Kırık ve kemiğin tamamını kaybetmişsiniz. Ama bu şikayetleriniz de kırığınızın tamamını kaybettirmişsiniz. Biraz daha beklemeniz lazım."
91,fiziksel-tip-ve-rehabilitasyon,"sayın hocam,benim 1 senedir fibromiyalji rahatsızlığım var.fibromiyalji&#39;nin bütün belirtilerini taşıyorum.yorgunluk,halsizlik,baş ve boyun ağrıları,denge kaybı,bir şeyler olacakmış hissi,ellerde ve ayaklarda karıncalanma oluyor fakat en şiddetlisi sol kürek kemiğimin arkasında olan ağrı çoğu zaman çekilmez oluyor,sağolsun doktor arkadaşlarım yardımcı oluyor ve anti deprasan ilaçlar veriyorlar,ama ben beynimde ilaç kullanmadan yenmek istiyorum.ne olur bana yardımcı olun ilaç kullanmadan bu hastalığı nasıl yenebilirim.",Kuru iğne tedavisi gerekebilir. Aşağıdakileri inceleyin: Makaleler: http://www.doktorsitesi.com/yazi/sirt-agrisi-sebepleri-/7622 http://www.doktorsitesi.com/yazi/fibromiyalji-ve-miyofasyal-agri-(-kas-romatizmalari-)/7180 http://www.doktorsitesi.com/yazi/kuru-igne-tedavisi-/7181 http://www.doktorsitesi.com/yazi/miyofasyal-agri-sendromundaki-(kas-romatizmasi)-sikayetlerin-ozellikleri/7196 Kas Romatizması : http://www.doktorsitesi.com/video/kas-romatizmasi-nedir-nasil-tedavi-edilir/1609 Kuru iğne tedavisi nedir ? http://www.doktorsitesi.com/video/kuru-igne-tedavisi-nedir/1610 TV*** *** ** Perşembe Günlük Hayat &#39;Kuru iğne ve Kas romatizması&#39;&#39; http://www.tv8.com.tr/v-*** *** **-gunluk-hayat-18-agustos-2011-persembe,"Fibromiyalji tedavisi için, öncelikle psikiyatrik muayenenizi yapmak gerekir. Eğer şikayetleriniz psikolojikse, psikiyatriye başvurmanız uygun olacaktır. Eğer şikayetleriniz de psikolojik değilse, fibromiyalji tedavisine başlanabilirsiniz. Tedaviyi tamamladığınızda, şikayetleriniz geçecektir."
92,genel-cerrahi,16 yasindayim. Sol kasigimda fitik var. Kilom 110. Hangi sporlari yapmaliyim. Basketbolun sakincasi varmi. Ameliyat olmak icin kac kilo olmami uygun goruyorsunuz. Boyum 1.90. Tesekkur ederim,"Maşallah boylu poslusunuz. Fıtık ameliyatı için kilo sınırlaması yok. Boyunuza göre o kilonuzla ameliyat olabilirsiniz, zayıflarsanız daha da iyi olur. Karıniçi basıncını artıracak sporlardan kaçınmanız gerekir, ağır kaldırma, mekik çekme gibi. Yüzme her zaman iyi olur.",Baskı için de basketbol uygun değil. Ama kilo vermeniz gerekir.
93,ortopedi-ve-travmatoloji,iyi akşamlar annem 3 AY ÖNCE (banyoda temizlik yaparken ters bir hareket sonucunda) omzunda ağrı başladı.kolunu hareket ettirğinde ağrı oluyor hareket kısıtlılığı oluştu ((kolunu yukarı ve arkaya getiremiyor hareket kısıtlılığı var.omzuna deyince çok ağrıyor annemde kemik erimeside var 67 yaşında omuz ağrılarını araştırdığımda karşıma (kanserde akciğer tümöründe) omuz ağrısı olabilceğini söledi çok endişelendim gittiğimiz dr kas gevşetici ağrı kesici verdi kötü bişey olabilirmi SAYGILARIMLA,sayın karakaş. sebebi belli plan bir ağrıdan böyle bir sonuca ulaşmanız doğru değildir. hekiminizin verdiği tedaviyi kullanarak tedavi bittikten sonra şikayetlerinizin değişimine göre tekrar hekişminizle görüşünüz geçmiş olsun dileklerimle,Kas gevşetici ilaçlar kullanmakta fayda var. Bir süre sonra şikayetlerinizi azaltabilirsiniz.
94,fiziksel-tip-ve-rehabilitasyon,son 3 yıldır sağ omuzumda ağrı var. kolumda elimde uyuşma yok. spor yapıyorum yine geçmiyor boyun fıtığı olmuş olabilir miyim? teşekkür ederim.,"Olabilir. Veya, omuza ait olabilecek, ilk sırada akla gelebilen 4-5 rahatsızlıktan biri olabilir.",Bir fizik tedavi uzmanına muayene olmanızı öneririm.
95,genel-cerrahi,Merhaba Dr bey teyzem geçtiğmiz perşembe safra kesesi taşı için ameliyat oldu ameliyat başarılı geçmiş safra kesesi taşlarla birlikte alınmış şu an hala hastanede çünkü şiddetli gaz problemi yaşıyor.. Dr eğer şikayetlerin devam ederse tekrar ameliyat ederim demiş bu gereklimi yani daha 3 gün olmuşken ikinci ameliyat ne için ? birde gaz problemini azaltmak için bizim yapacağımız bişey varmıdır yemesiyle içmesiyle v.s şimdiden teşekkür ederim SAYGILAR,"Ameliyat sonrası gaz olabilir. Ama 3 gün sonra bunları tamamen bitmiş olmasını bekleriz. Eğer şikayeti devam ediyorsa kontrol ve takip edilmesi gereken bir durum var demektir. Bunu da en iyi hekimi bilebilir. Bence hekiminizle irtibatınız kesmeyin, onunla daha detaylı konuşun.","Merhaba, Safra kesesi taşları ameliyattan sonra da olabilir. Eğer tedaviye rağmen şikayetler devam ediyorsa tekrar ameliyat önerilir. Gaz problemi için ilaç kullanmanızı tavsiye ederim."
96,kulak-burun-bogaz-hastaliklari,Merhaba hocam benim 5 yaşın da oğlum var sürekli hastaneye götürüldum hiç birinin den sonuç almadım kaç kere ilaç kullandım hiç biri iyi gelmedi çocuğum her gün burnum tıkalı diye ağlıyor ve burnun içi kızarıklık var bana bu konuda yardımcı olursanız sevinirim,memnuniyetle yardımcı olurum. dilediğiniz zaman randevu alarak gelebilirsiniz..,Bu duruma tedavi edilebilir bir hastalık yoktur.
97,beyin-ve-sinir-cerrahisi,"Sayın Hocam; Şuan 32 yaşındayım. 3,5 yıl önce cinsel ilişkiden sonra şiddetli baş ağrısı ve ardından yaklaşık 1 dk. bilinç kaybı yaşadım. 2 defa çekilen BT ve 2 defa yapılan 4 damar anjiyo (DSA) sonucunda beyin kanaması (non-anevrizmal SAK ) geçirdiğim anlaşıldı.Nedeni teşhis edilemedi (anlık tansiyon yükselmesi?).Hiçbir iz bırakmadı.Benim bir daha beyin kanaması geçirme riskim var mı? En çok nelere dikkat etmeliyim? Saygılarımla...","elbette var,bence anjiyoyu tekrar edin çünkü cinsel aktivite sonrası olan kanam en çok anevrizma rüptürnde olur","Beyindeki kanama, sadece bir hastalığa işaret değildir. Hastalığı belirtecek bir şey yoktur. Ancak, bu durumda, kendi kendine bir hastalık olabilir. Bu nedenle, muayene edilmenizi öneririm."
98,genel-cerrahi,Hocam kolon hastalığı ilerleyince karaciğer sıçramis bu devrede ameliyat ta kesin çözüm oluyo mu bide iyi kötü huyluşu oluyo mu,Elinizdeki filmleri bana goturun ancak ozaman bir oneride bulunabilirim,"Karaciğerdeki sıçrama ve kireçlenme, kolon hastalığının tedavisi ile tamamen düzelir. Ameliyattan sonra da iyileşmeniz mümkün."
99,uroloji,İyi günler hocam Benim doğustan sol testisim yok bu konu hakkında doktora gittim ve bana belki doğduğunda hiç oluşmamıştır belkide zamanla kaybolmuştur dedi 22 yaşındayım ve diğer sağ testisimde çok küçük ne yapmalıyım gercektende yapılacak birşey yok mu?,Bir üroloji uzmanına muayene olmanızı öneririm. Doç Dr Ali Nejat Eğilmez,Bir üroloji uzmanına başvurun.
